obs_id,file_path,class_name,class_idx
Russian_0.jpg,C:/Users/condo/OneDrive/Documents/Engineers_for_Ukraine/flag_recognition_deepl/Flags/Russian_Flag\Russian_0.jpg,Russian_Flag,0
Russian_1.jpg,C:/Users/condo/OneDrive/Documents/Engineers_for_Ukraine/flag_recognition_deepl/Flags/Russian_Flag\Russian_1.jpg,Russian_Flag,0
Russian_10.jpg,C:/Users/condo/OneDrive/Documents/Engineers_for_Ukraine/flag_recognition_deepl/Flags/Russian_Flag\Russian_10.jpg,Russian_Flag,0
Russian_11.jpg,C:/Users/condo/OneDrive/Documents/Engineers_for_Ukraine/flag_recognition_deepl/Flags/Russian_Flag\Russian_11.jpg,Russian_Flag,0
Russian_12.jpg,C:/Users/condo/OneDrive/Documents/Engineers_for_Ukraine/flag_recognition_deepl/Flags/Russian_Flag\Russian_12.jpg,Russian_Flag,0
Russian_13.jpg,C:/Users/condo/OneDrive/Documents/Engineers_for_Ukraine/flag_recognition_deepl/Flags/Russian_Flag\Russian_13.jpg,Russian_Flag,0
Russian_14.jpg,C:/Users/condo/OneDrive/Documents/Engineers_for_Ukraine/flag_recognition_deepl/Flags/Russian_Flag\Russian_14.jpg,Russian_Flag,0
Russian_15.jpg,C:/Users/condo/OneDrive/Documents/Engineers_for_Ukraine/flag_recognition_deepl/Flags/Russian_Flag\Russian_15.jpg,Russian_Flag,0
Russian_16.jpg,C:/Users/condo/OneDrive/Documents/Engineers_for_Ukraine/flag_recognition_deepl/Flags/Russian_Flag\Russian_16.jpg,Russian_Flag,0
Russian_17.jpg,C:/Users/condo/OneDrive/Documents/Engineers_for_Ukraine/flag_recognition_deepl/Flags/Russian_Flag\Russian_17.jpg,Russian_Flag,0
Russian_18.jpg,C:/Users/condo/OneDrive/Documents/Engineers_for_Ukraine/flag_recognition_deepl/Flags/Russian_Flag\Russian_18.jpg,Russian_Flag,0
Russian_19.jpg,C:/Users/condo/OneDrive/Documents/Engineers_for_Ukraine/flag_recognition_deepl/Flags/Russian_Flag\Russian_19.jpg,Russian_Flag,0
Russian_2.jpg,C:/Users/condo/OneDrive/Documents/Engineers_for_Ukraine/flag_recognition_deepl/Flags/Russian_Flag\Russian_2.jpg,Russian_Flag,0
Russian_20.jpg,C:/Users/condo/OneDrive/Documents/Engineers_for_Ukraine/flag_recognition_deepl/Flags/Russian_Flag\Russian_20.jpg,Russian_Flag,0
Russian_21.jpg,C:/Users/condo/OneDrive/Documents/Engineers_for_Ukraine/flag_recognition_deepl/Flags/Russian_Flag\Russian_21.jpg,Russian_Flag,0
Russian_22.jpg,C:/Users/condo/OneDrive/Documents/Engineers_for_Ukraine/flag_recognition_deepl/Flags/Russian_Flag\Russian_22.jpg,Russian_Flag,0
Russian_23.jpg,C:/Users/condo/OneDrive/Documents/Engineers_for_Ukraine/flag_recognition_deepl/Flags/Russian_Flag\Russian_23.jpg,Russian_Flag,0
Russian_24.jpg,C:/Users/condo/OneDrive/Documents/Engineers_for_Ukraine/flag_recognition_deepl/Flags/Russian_Flag\Russian_24.jpg,Russian_Flag,0
Russian_25.jpg,C:/Users/condo/OneDrive/Documents/Engineers_for_Ukraine/flag_recognition_deepl/Flags/Russian_Flag\Russian_25.jpg,Russian_Flag,0
Russian_26.jpg,C:/Users/condo/OneDrive/Documents/Engineers_for_Ukraine/flag_recognition_deepl/Flags/Russian_Flag\Russian_26.jpg,Russian_Flag,0
Russian_27.jpg,C:/Users/condo/OneDrive/Documents/Engineers_for_Ukraine/flag_recognition_deepl/Flags/Russian_Flag\Russian_27.jpg,Russian_Flag,0
Russian_28.jpg,C:/Users/condo/OneDrive/Documents/Engineers_for_Ukraine/flag_recognition_deepl/Flags/Russian_Flag\Russian_28.jpg,Russian_Flag,0
Russian_29.jpg,C:/Users/condo/OneDrive/Documents/Engineers_for_Ukraine/flag_recognition_deepl/Flags/Russian_Flag\Russian_29.jpg,Russian_Flag,0
Russian_3.jpg,C:/Users/condo/OneDrive/Documents/Engineers_for_Ukraine/flag_recognition_deepl/Flags/Russian_Flag\Russian_3.jpg,Russian_Flag,0
Russian_30.jpg,C:/Users/condo/OneDrive/Documents/Engineers_for_Ukraine/flag_recognition_deepl/Flags/Russian_Flag\Russian_30.jpg,Russian_Flag,0
Russian_31.jpg,C:/Users/condo/OneDrive/Documents/Engineers_for_Ukraine/flag_recognition_deepl/Flags/Russian_Flag\Russian_31.jpg,Russian_Flag,0
Russian_32.jpg,C:/Users/condo/OneDrive/Documents/Engineers_for_Ukraine/flag_recognition_deepl/Flags/Russian_Flag\Russian_32.jpg,Russian_Flag,0
Russian_33.jpg,C:/Users/condo/OneDrive/Documents/Engineers_for_Ukraine/flag_recognition_deepl/Flags/Russian_Flag\Russian_33.jpg,Russian_Flag,0
Russian_34.jpg,C:/Users/condo/OneDrive/Documents/Engineers_for_Ukraine/flag_recognition_deepl/Flags/Russian_Flag\Russian_34.jpg,Russian_Flag,0
Russian_35.jpg,C:/Users/condo/OneDrive/Documents/Engineers_for_Ukraine/flag_recognition_deepl/Flags/Russian_Flag\Russian_35.jpg,Russian_Flag,0
Russian_36.jpg,C:/Users/condo/OneDrive/Documents/Engineers_for_Ukraine/flag_recognition_deepl/Flags/Russian_Flag\Russian_36.jpg,Russian_Flag,0
Russian_37.jpg,C:/Users/condo/OneDrive/Documents/Engineers_for_Ukraine/flag_recognition_deepl/Flags/Russian_Flag\Russian_37.jpg,Russian_Flag,0
Russian_38.jpg,C:/Users/condo/OneDrive/Documents/Engineers_for_Ukraine/flag_recognition_deepl/Flags/Russian_Flag\Russian_38.jpg,Russian_Flag,0
Russian_39.jpg,C:/Users/condo/OneDrive/Documents/Engineers_for_Ukraine/flag_recognition_deepl/Flags/Russian_Flag\Russian_39.jpg,Russian_Flag,0
Russian_4.jpg,C:/Users/condo/OneDrive/Documents/Engineers_for_Ukraine/flag_recognition_deepl/Flags/Russian_Flag\Russian_4.jpg,Russian_Flag,0
Russian_40.jpg,C:/Users/condo/OneDrive/Documents/Engineers_for_Ukraine/flag_recognition_deepl/Flags/Russian_Flag\Russian_40.jpg,Russian_Flag,0
Russian_41.jpg,C:/Users/condo/OneDrive/Documents/Engineers_for_Ukraine/flag_recognition_deepl/Flags/Russian_Flag\Russian_41.jpg,Russian_Flag,0
Russian_42.jpg,C:/Users/condo/OneDrive/Documents/Engineers_for_Ukraine/flag_recognition_deepl/Flags/Russian_Flag\Russian_42.jpg,Russian_Flag,0
Russian_43.jpg,C:/Users/condo/OneDrive/Documents/Engineers_for_Ukraine/flag_recognition_deepl/Flags/Russian_Flag\Russian_43.jpg,Russian_Flag,0
Russian_44.jpg,C:/Users/condo/OneDrive/Documents/Engineers_for_Ukraine/flag_recognition_deepl/Flags/Russian_Flag\Russian_44.jpg,Russian_Flag,0
Russian_45.jpg,C:/Users/condo/OneDrive/Documents/Engineers_for_Ukraine/flag_recognition_deepl/Flags/Russian_Flag\Russian_45.jpg,Russian_Flag,0
Russian_46.jpg,C:/Users/condo/OneDrive/Documents/Engineers_for_Ukraine/flag_recognition_deepl/Flags/Russian_Flag\Russian_46.jpg,Russian_Flag,0
Russian_47.jpg,C:/Users/condo/OneDrive/Documents/Engineers_for_Ukraine/flag_recognition_deepl/Flags/Russian_Flag\Russian_47.jpg,Russian_Flag,0
Russian_48.jpg,C:/Users/condo/OneDrive/Documents/Engineers_for_Ukraine/flag_recognition_deepl/Flags/Russian_Flag\Russian_48.jpg,Russian_Flag,0
Russian_49.jpg,C:/Users/condo/OneDrive/Documents/Engineers_for_Ukraine/flag_recognition_deepl/Flags/Russian_Flag\Russian_49.jpg,Russian_Flag,0
Russian_5.jpg,C:/Users/condo/OneDrive/Documents/Engineers_for_Ukraine/flag_recognition_deepl/Flags/Russian_Flag\Russian_5.jpg,Russian_Flag,0
Russian_50.jpg,C:/Users/condo/OneDrive/Documents/Engineers_for_Ukraine/flag_recognition_deepl/Flags/Russian_Flag\Russian_50.jpg,Russian_Flag,0
Russian_51.jpg,C:/Users/condo/OneDrive/Documents/Engineers_for_Ukraine/flag_recognition_deepl/Flags/Russian_Flag\Russian_51.jpg,Russian_Flag,0
Russian_52.jpg,C:/Users/condo/OneDrive/Documents/Engineers_for_Ukraine/flag_recognition_deepl/Flags/Russian_Flag\Russian_52.jpg,Russian_Flag,0
Russian_53.jpg,C:/Users/condo/OneDrive/Documents/Engineers_for_Ukraine/flag_recognition_deepl/Flags/Russian_Flag\Russian_53.jpg,Russian_Flag,0
Russian_54.jpg,C:/Users/condo/OneDrive/Documents/Engineers_for_Ukraine/flag_recognition_deepl/Flags/Russian_Flag\Russian_54.jpg,Russian_Flag,0
Russian_55.jpg,C:/Users/condo/OneDrive/Documents/Engineers_for_Ukraine/flag_recognition_deepl/Flags/Russian_Flag\Russian_55.jpg,Russian_Flag,0
Russian_56.jpg,C:/Users/condo/OneDrive/Documents/Engineers_for_Ukraine/flag_recognition_deepl/Flags/Russian_Flag\Russian_56.jpg,Russian_Flag,0
Russian_57.jpg,C:/Users/condo/OneDrive/Documents/Engineers_for_Ukraine/flag_recognition_deepl/Flags/Russian_Flag\Russian_57.jpg,Russian_Flag,0
Russian_58.jpg,C:/Users/condo/OneDrive/Documents/Engineers_for_Ukraine/flag_recognition_deepl/Flags/Russian_Flag\Russian_58.jpg,Russian_Flag,0
Russian_59.jpg,C:/Users/condo/OneDrive/Documents/Engineers_for_Ukraine/flag_recognition_deepl/Flags/Russian_Flag\Russian_59.jpg,Russian_Flag,0
Russian_6.jpg,C:/Users/condo/OneDrive/Documents/Engineers_for_Ukraine/flag_recognition_deepl/Flags/Russian_Flag\Russian_6.jpg,Russian_Flag,0
Russian_60.jpg,C:/Users/condo/OneDrive/Documents/Engineers_for_Ukraine/flag_recognition_deepl/Flags/Russian_Flag\Russian_60.jpg,Russian_Flag,0
Russian_61.jpg,C:/Users/condo/OneDrive/Documents/Engineers_for_Ukraine/flag_recognition_deepl/Flags/Russian_Flag\Russian_61.jpg,Russian_Flag,0
Russian_62.jpg,C:/Users/condo/OneDrive/Documents/Engineers_for_Ukraine/flag_recognition_deepl/Flags/Russian_Flag\Russian_62.jpg,Russian_Flag,0
Russian_63.jpg,C:/Users/condo/OneDrive/Documents/Engineers_for_Ukraine/flag_recognition_deepl/Flags/Russian_Flag\Russian_63.jpg,Russian_Flag,0
Russian_64.jpg,C:/Users/condo/OneDrive/Documents/Engineers_for_Ukraine/flag_recognition_deepl/Flags/Russian_Flag\Russian_64.jpg,Russian_Flag,0
Russian_65.jpg,C:/Users/condo/OneDrive/Documents/Engineers_for_Ukraine/flag_recognition_deepl/Flags/Russian_Flag\Russian_65.jpg,Russian_Flag,0
Russian_66.jpg,C:/Users/condo/OneDrive/Documents/Engineers_for_Ukraine/flag_recognition_deepl/Flags/Russian_Flag\Russian_66.jpg,Russian_Flag,0
Russian_67.jpg,C:/Users/condo/OneDrive/Documents/Engineers_for_Ukraine/flag_recognition_deepl/Flags/Russian_Flag\Russian_67.jpg,Russian_Flag,0
Russian_68.jpg,C:/Users/condo/OneDrive/Documents/Engineers_for_Ukraine/flag_recognition_deepl/Flags/Russian_Flag\Russian_68.jpg,Russian_Flag,0
Russian_69.jpg,C:/Users/condo/OneDrive/Documents/Engineers_for_Ukraine/flag_recognition_deepl/Flags/Russian_Flag\Russian_69.jpg,Russian_Flag,0
Russian_7.jpg,C:/Users/condo/OneDrive/Documents/Engineers_for_Ukraine/flag_recognition_deepl/Flags/Russian_Flag\Russian_7.jpg,Russian_Flag,0
Russian_70.jpg,C:/Users/condo/OneDrive/Documents/Engineers_for_Ukraine/flag_recognition_deepl/Flags/Russian_Flag\Russian_70.jpg,Russian_Flag,0
Russian_71.jpg,C:/Users/condo/OneDrive/Documents/Engineers_for_Ukraine/flag_recognition_deepl/Flags/Russian_Flag\Russian_71.jpg,Russian_Flag,0
Russian_72.jpg,C:/Users/condo/OneDrive/Documents/Engineers_for_Ukraine/flag_recognition_deepl/Flags/Russian_Flag\Russian_72.jpg,Russian_Flag,0
Russian_73.jpg,C:/Users/condo/OneDrive/Documents/Engineers_for_Ukraine/flag_recognition_deepl/Flags/Russian_Flag\Russian_73.jpg,Russian_Flag,0
Russian_74.jpg,C:/Users/condo/OneDrive/Documents/Engineers_for_Ukraine/flag_recognition_deepl/Flags/Russian_Flag\Russian_74.jpg,Russian_Flag,0
Russian_75.jpg,C:/Users/condo/OneDrive/Documents/Engineers_for_Ukraine/flag_recognition_deepl/Flags/Russian_Flag\Russian_75.jpg,Russian_Flag,0
Russian_76.jpg,C:/Users/condo/OneDrive/Documents/Engineers_for_Ukraine/flag_recognition_deepl/Flags/Russian_Flag\Russian_76.jpg,Russian_Flag,0
Russian_77.jpg,C:/Users/condo/OneDrive/Documents/Engineers_for_Ukraine/flag_recognition_deepl/Flags/Russian_Flag\Russian_77.jpg,Russian_Flag,0
Russian_78.jpg,C:/Users/condo/OneDrive/Documents/Engineers_for_Ukraine/flag_recognition_deepl/Flags/Russian_Flag\Russian_78.jpg,Russian_Flag,0
Russian_79.jpg,C:/Users/condo/OneDrive/Documents/Engineers_for_Ukraine/flag_recognition_deepl/Flags/Russian_Flag\Russian_79.jpg,Russian_Flag,0
Russian_8.jpg,C:/Users/condo/OneDrive/Documents/Engineers_for_Ukraine/flag_recognition_deepl/Flags/Russian_Flag\Russian_8.jpg,Russian_Flag,0
Russian_80.jpg,C:/Users/condo/OneDrive/Documents/Engineers_for_Ukraine/flag_recognition_deepl/Flags/Russian_Flag\Russian_80.jpg,Russian_Flag,0
Russian_81.jpg,C:/Users/condo/OneDrive/Documents/Engineers_for_Ukraine/flag_recognition_deepl/Flags/Russian_Flag\Russian_81.jpg,Russian_Flag,0
Russian_82.jpg,C:/Users/condo/OneDrive/Documents/Engineers_for_Ukraine/flag_recognition_deepl/Flags/Russian_Flag\Russian_82.jpg,Russian_Flag,0
Russian_83.jpg,C:/Users/condo/OneDrive/Documents/Engineers_for_Ukraine/flag_recognition_deepl/Flags/Russian_Flag\Russian_83.jpg,Russian_Flag,0
Russian_84.jpg,C:/Users/condo/OneDrive/Documents/Engineers_for_Ukraine/flag_recognition_deepl/Flags/Russian_Flag\Russian_84.jpg,Russian_Flag,0
Russian_85.jpg,C:/Users/condo/OneDrive/Documents/Engineers_for_Ukraine/flag_recognition_deepl/Flags/Russian_Flag\Russian_85.jpg,Russian_Flag,0
Russian_86.jpg,C:/Users/condo/OneDrive/Documents/Engineers_for_Ukraine/flag_recognition_deepl/Flags/Russian_Flag\Russian_86.jpg,Russian_Flag,0
Russian_87.jpg,C:/Users/condo/OneDrive/Documents/Engineers_for_Ukraine/flag_recognition_deepl/Flags/Russian_Flag\Russian_87.jpg,Russian_Flag,0
Russian_88.jpg,C:/Users/condo/OneDrive/Documents/Engineers_for_Ukraine/flag_recognition_deepl/Flags/Russian_Flag\Russian_88.jpg,Russian_Flag,0
Russian_89.jpg,C:/Users/condo/OneDrive/Documents/Engineers_for_Ukraine/flag_recognition_deepl/Flags/Russian_Flag\Russian_89.jpg,Russian_Flag,0
Russian_9.jpg,C:/Users/condo/OneDrive/Documents/Engineers_for_Ukraine/flag_recognition_deepl/Flags/Russian_Flag\Russian_9.jpg,Russian_Flag,0
Russian_90.jpg,C:/Users/condo/OneDrive/Documents/Engineers_for_Ukraine/flag_recognition_deepl/Flags/Russian_Flag\Russian_90.jpg,Russian_Flag,0
Russian_91.jpg,C:/Users/condo/OneDrive/Documents/Engineers_for_Ukraine/flag_recognition_deepl/Flags/Russian_Flag\Russian_91.jpg,Russian_Flag,0
Russian_92.jpg,C:/Users/condo/OneDrive/Documents/Engineers_for_Ukraine/flag_recognition_deepl/Flags/Russian_Flag\Russian_92.jpg,Russian_Flag,0
Russian_93.jpg,C:/Users/condo/OneDrive/Documents/Engineers_for_Ukraine/flag_recognition_deepl/Flags/Russian_Flag\Russian_93.jpg,Russian_Flag,0
Russian_94.jpg,C:/Users/condo/OneDrive/Documents/Engineers_for_Ukraine/flag_recognition_deepl/Flags/Russian_Flag\Russian_94.jpg,Russian_Flag,0
Russian_95.jpg,C:/Users/condo/OneDrive/Documents/Engineers_for_Ukraine/flag_recognition_deepl/Flags/Russian_Flag\Russian_95.jpg,Russian_Flag,0
Russian_96.jpg,C:/Users/condo/OneDrive/Documents/Engineers_for_Ukraine/flag_recognition_deepl/Flags/Russian_Flag\Russian_96.jpg,Russian_Flag,0
Russian_97.jpg,C:/Users/condo/OneDrive/Documents/Engineers_for_Ukraine/flag_recognition_deepl/Flags/Russian_Flag\Russian_97.jpg,Russian_Flag,0
Russian_98.jpg,C:/Users/condo/OneDrive/Documents/Engineers_for_Ukraine/flag_recognition_deepl/Flags/Russian_Flag\Russian_98.jpg,Russian_Flag,0
Russian_99.jpg,C:/Users/condo/OneDrive/Documents/Engineers_for_Ukraine/flag_recognition_deepl/Flags/Russian_Flag\Russian_99.jpg,Russian_Flag,0
Soviet_0.jpg,C:/Users/condo/OneDrive/Documents/Engineers_for_Ukraine/flag_recognition_deepl/Flags/Soviet_Flag\Soviet_0.jpg,Soviet_Flag,1
Soviet_1.jpg,C:/Users/condo/OneDrive/Documents/Engineers_for_Ukraine/flag_recognition_deepl/Flags/Soviet_Flag\Soviet_1.jpg,Soviet_Flag,1
Soviet_10.jpg,C:/Users/condo/OneDrive/Documents/Engineers_for_Ukraine/flag_recognition_deepl/Flags/Soviet_Flag\Soviet_10.jpg,Soviet_Flag,1
Soviet_11.jpg,C:/Users/condo/OneDrive/Documents/Engineers_for_Ukraine/flag_recognition_deepl/Flags/Soviet_Flag\Soviet_11.jpg,Soviet_Flag,1
Soviet_12.jpg,C:/Users/condo/OneDrive/Documents/Engineers_for_Ukraine/flag_recognition_deepl/Flags/Soviet_Flag\Soviet_12.jpg,Soviet_Flag,1
Soviet_13.jpg,C:/Users/condo/OneDrive/Documents/Engineers_for_Ukraine/flag_recognition_deepl/Flags/Soviet_Flag\Soviet_13.jpg,Soviet_Flag,1
Soviet_14.jpg,C:/Users/condo/OneDrive/Documents/Engineers_for_Ukraine/flag_recognition_deepl/Flags/Soviet_Flag\Soviet_14.jpg,Soviet_Flag,1
Soviet_15.jpg,C:/Users/condo/OneDrive/Documents/Engineers_for_Ukraine/flag_recognition_deepl/Flags/Soviet_Flag\Soviet_15.jpg,Soviet_Flag,1
Soviet_16.jpg,C:/Users/condo/OneDrive/Documents/Engineers_for_Ukraine/flag_recognition_deepl/Flags/Soviet_Flag\Soviet_16.jpg,Soviet_Flag,1
Soviet_17.jpg,C:/Users/condo/OneDrive/Documents/Engineers_for_Ukraine/flag_recognition_deepl/Flags/Soviet_Flag\Soviet_17.jpg,Soviet_Flag,1
Soviet_18.jpg,C:/Users/condo/OneDrive/Documents/Engineers_for_Ukraine/flag_recognition_deepl/Flags/Soviet_Flag\Soviet_18.jpg,Soviet_Flag,1
Soviet_19.jpg,C:/Users/condo/OneDrive/Documents/Engineers_for_Ukraine/flag_recognition_deepl/Flags/Soviet_Flag\Soviet_19.jpg,Soviet_Flag,1
Soviet_2.jpg,C:/Users/condo/OneDrive/Documents/Engineers_for_Ukraine/flag_recognition_deepl/Flags/Soviet_Flag\Soviet_2.jpg,Soviet_Flag,1
Soviet_20.jpg,C:/Users/condo/OneDrive/Documents/Engineers_for_Ukraine/flag_recognition_deepl/Flags/Soviet_Flag\Soviet_20.jpg,Soviet_Flag,1
Soviet_21.jpg,C:/Users/condo/OneDrive/Documents/Engineers_for_Ukraine/flag_recognition_deepl/Flags/Soviet_Flag\Soviet_21.jpg,Soviet_Flag,1
Soviet_22.jpg,C:/Users/condo/OneDrive/Documents/Engineers_for_Ukraine/flag_recognition_deepl/Flags/Soviet_Flag\Soviet_22.jpg,Soviet_Flag,1
Soviet_23.jpg,C:/Users/condo/OneDrive/Documents/Engineers_for_Ukraine/flag_recognition_deepl/Flags/Soviet_Flag\Soviet_23.jpg,Soviet_Flag,1
Soviet_24.jpg,C:/Users/condo/OneDrive/Documents/Engineers_for_Ukraine/flag_recognition_deepl/Flags/Soviet_Flag\Soviet_24.jpg,Soviet_Flag,1
Soviet_25.jpg,C:/Users/condo/OneDrive/Documents/Engineers_for_Ukraine/flag_recognition_deepl/Flags/Soviet_Flag\Soviet_25.jpg,Soviet_Flag,1
Soviet_26.jpg,C:/Users/condo/OneDrive/Documents/Engineers_for_Ukraine/flag_recognition_deepl/Flags/Soviet_Flag\Soviet_26.jpg,Soviet_Flag,1
Soviet_27.jpg,C:/Users/condo/OneDrive/Documents/Engineers_for_Ukraine/flag_recognition_deepl/Flags/Soviet_Flag\Soviet_27.jpg,Soviet_Flag,1
Soviet_28.jpg,C:/Users/condo/OneDrive/Documents/Engineers_for_Ukraine/flag_recognition_deepl/Flags/Soviet_Flag\Soviet_28.jpg,Soviet_Flag,1
Soviet_29.jpg,C:/Users/condo/OneDrive/Documents/Engineers_for_Ukraine/flag_recognition_deepl/Flags/Soviet_Flag\Soviet_29.jpg,Soviet_Flag,1
Soviet_3.jpg,C:/Users/condo/OneDrive/Documents/Engineers_for_Ukraine/flag_recognition_deepl/Flags/Soviet_Flag\Soviet_3.jpg,Soviet_Flag,1
Soviet_30.jpg,C:/Users/condo/OneDrive/Documents/Engineers_for_Ukraine/flag_recognition_deepl/Flags/Soviet_Flag\Soviet_30.jpg,Soviet_Flag,1
Soviet_31.jpg,C:/Users/condo/OneDrive/Documents/Engineers_for_Ukraine/flag_recognition_deepl/Flags/Soviet_Flag\Soviet_31.jpg,Soviet_Flag,1
Soviet_32.jpg,C:/Users/condo/OneDrive/Documents/Engineers_for_Ukraine/flag_recognition_deepl/Flags/Soviet_Flag\Soviet_32.jpg,Soviet_Flag,1
Soviet_33.jpg,C:/Users/condo/OneDrive/Documents/Engineers_for_Ukraine/flag_recognition_deepl/Flags/Soviet_Flag\Soviet_33.jpg,Soviet_Flag,1
Soviet_34.jpg,C:/Users/condo/OneDrive/Documents/Engineers_for_Ukraine/flag_recognition_deepl/Flags/Soviet_Flag\Soviet_34.jpg,Soviet_Flag,1
Soviet_35.jpg,C:/Users/condo/OneDrive/Documents/Engineers_for_Ukraine/flag_recognition_deepl/Flags/Soviet_Flag\Soviet_35.jpg,Soviet_Flag,1
Soviet_36.jpg,C:/Users/condo/OneDrive/Documents/Engineers_for_Ukraine/flag_recognition_deepl/Flags/Soviet_Flag\Soviet_36.jpg,Soviet_Flag,1
Soviet_37.jpg,C:/Users/condo/OneDrive/Documents/Engineers_for_Ukraine/flag_recognition_deepl/Flags/Soviet_Flag\Soviet_37.jpg,Soviet_Flag,1
Soviet_38.jpg,C:/Users/condo/OneDrive/Documents/Engineers_for_Ukraine/flag_recognition_deepl/Flags/Soviet_Flag\Soviet_38.jpg,Soviet_Flag,1
Soviet_39.jpg,C:/Users/condo/OneDrive/Documents/Engineers_for_Ukraine/flag_recognition_deepl/Flags/Soviet_Flag\Soviet_39.jpg,Soviet_Flag,1
Soviet_4.jpg,C:/Users/condo/OneDrive/Documents/Engineers_for_Ukraine/flag_recognition_deepl/Flags/Soviet_Flag\Soviet_4.jpg,Soviet_Flag,1
Soviet_40.jpg,C:/Users/condo/OneDrive/Documents/Engineers_for_Ukraine/flag_recognition_deepl/Flags/Soviet_Flag\Soviet_40.jpg,Soviet_Flag,1
Soviet_41.jpg,C:/Users/condo/OneDrive/Documents/Engineers_for_Ukraine/flag_recognition_deepl/Flags/Soviet_Flag\Soviet_41.jpg,Soviet_Flag,1
Soviet_42.jpg,C:/Users/condo/OneDrive/Documents/Engineers_for_Ukraine/flag_recognition_deepl/Flags/Soviet_Flag\Soviet_42.jpg,Soviet_Flag,1
Soviet_43.jpg,C:/Users/condo/OneDrive/Documents/Engineers_for_Ukraine/flag_recognition_deepl/Flags/Soviet_Flag\Soviet_43.jpg,Soviet_Flag,1
Soviet_44.jpg,C:/Users/condo/OneDrive/Documents/Engineers_for_Ukraine/flag_recognition_deepl/Flags/Soviet_Flag\Soviet_44.jpg,Soviet_Flag,1
Soviet_45.jpg,C:/Users/condo/OneDrive/Documents/Engineers_for_Ukraine/flag_recognition_deepl/Flags/Soviet_Flag\Soviet_45.jpg,Soviet_Flag,1
Soviet_46.jpg,C:/Users/condo/OneDrive/Documents/Engineers_for_Ukraine/flag_recognition_deepl/Flags/Soviet_Flag\Soviet_46.jpg,Soviet_Flag,1
Soviet_47.jpg,C:/Users/condo/OneDrive/Documents/Engineers_for_Ukraine/flag_recognition_deepl/Flags/Soviet_Flag\Soviet_47.jpg,Soviet_Flag,1
Soviet_48.jpg,C:/Users/condo/OneDrive/Documents/Engineers_for_Ukraine/flag_recognition_deepl/Flags/Soviet_Flag\Soviet_48.jpg,Soviet_Flag,1
Soviet_49.jpg,C:/Users/condo/OneDrive/Documents/Engineers_for_Ukraine/flag_recognition_deepl/Flags/Soviet_Flag\Soviet_49.jpg,Soviet_Flag,1
Soviet_5.jpg,C:/Users/condo/OneDrive/Documents/Engineers_for_Ukraine/flag_recognition_deepl/Flags/Soviet_Flag\Soviet_5.jpg,Soviet_Flag,1
Soviet_50.jpg,C:/Users/condo/OneDrive/Documents/Engineers_for_Ukraine/flag_recognition_deepl/Flags/Soviet_Flag\Soviet_50.jpg,Soviet_Flag,1
Soviet_51.jpg,C:/Users/condo/OneDrive/Documents/Engineers_for_Ukraine/flag_recognition_deepl/Flags/Soviet_Flag\Soviet_51.jpg,Soviet_Flag,1
Soviet_52.jpg,C:/Users/condo/OneDrive/Documents/Engineers_for_Ukraine/flag_recognition_deepl/Flags/Soviet_Flag\Soviet_52.jpg,Soviet_Flag,1
Soviet_53.jpg,C:/Users/condo/OneDrive/Documents/Engineers_for_Ukraine/flag_recognition_deepl/Flags/Soviet_Flag\Soviet_53.jpg,Soviet_Flag,1
Soviet_54.jpg,C:/Users/condo/OneDrive/Documents/Engineers_for_Ukraine/flag_recognition_deepl/Flags/Soviet_Flag\Soviet_54.jpg,Soviet_Flag,1
Soviet_55.jpg,C:/Users/condo/OneDrive/Documents/Engineers_for_Ukraine/flag_recognition_deepl/Flags/Soviet_Flag\Soviet_55.jpg,Soviet_Flag,1
Soviet_56.jpg,C:/Users/condo/OneDrive/Documents/Engineers_for_Ukraine/flag_recognition_deepl/Flags/Soviet_Flag\Soviet_56.jpg,Soviet_Flag,1
Soviet_57.jpg,C:/Users/condo/OneDrive/Documents/Engineers_for_Ukraine/flag_recognition_deepl/Flags/Soviet_Flag\Soviet_57.jpg,Soviet_Flag,1
Soviet_58.jpg,C:/Users/condo/OneDrive/Documents/Engineers_for_Ukraine/flag_recognition_deepl/Flags/Soviet_Flag\Soviet_58.jpg,Soviet_Flag,1
Soviet_59.jpg,C:/Users/condo/OneDrive/Documents/Engineers_for_Ukraine/flag_recognition_deepl/Flags/Soviet_Flag\Soviet_59.jpg,Soviet_Flag,1
Soviet_6.jpg,C:/Users/condo/OneDrive/Documents/Engineers_for_Ukraine/flag_recognition_deepl/Flags/Soviet_Flag\Soviet_6.jpg,Soviet_Flag,1
Soviet_60.jpg,C:/Users/condo/OneDrive/Documents/Engineers_for_Ukraine/flag_recognition_deepl/Flags/Soviet_Flag\Soviet_60.jpg,Soviet_Flag,1
Soviet_61.jpg,C:/Users/condo/OneDrive/Documents/Engineers_for_Ukraine/flag_recognition_deepl/Flags/Soviet_Flag\Soviet_61.jpg,Soviet_Flag,1
Soviet_62.jpg,C:/Users/condo/OneDrive/Documents/Engineers_for_Ukraine/flag_recognition_deepl/Flags/Soviet_Flag\Soviet_62.jpg,Soviet_Flag,1
Soviet_63.jpg,C:/Users/condo/OneDrive/Documents/Engineers_for_Ukraine/flag_recognition_deepl/Flags/Soviet_Flag\Soviet_63.jpg,Soviet_Flag,1
Soviet_64.jpg,C:/Users/condo/OneDrive/Documents/Engineers_for_Ukraine/flag_recognition_deepl/Flags/Soviet_Flag\Soviet_64.jpg,Soviet_Flag,1
Soviet_65.jpg,C:/Users/condo/OneDrive/Documents/Engineers_for_Ukraine/flag_recognition_deepl/Flags/Soviet_Flag\Soviet_65.jpg,Soviet_Flag,1
Soviet_66.jpg,C:/Users/condo/OneDrive/Documents/Engineers_for_Ukraine/flag_recognition_deepl/Flags/Soviet_Flag\Soviet_66.jpg,Soviet_Flag,1
Soviet_67.jpg,C:/Users/condo/OneDrive/Documents/Engineers_for_Ukraine/flag_recognition_deepl/Flags/Soviet_Flag\Soviet_67.jpg,Soviet_Flag,1
Soviet_68.jpg,C:/Users/condo/OneDrive/Documents/Engineers_for_Ukraine/flag_recognition_deepl/Flags/Soviet_Flag\Soviet_68.jpg,Soviet_Flag,1
Soviet_69.jpg,C:/Users/condo/OneDrive/Documents/Engineers_for_Ukraine/flag_recognition_deepl/Flags/Soviet_Flag\Soviet_69.jpg,Soviet_Flag,1
Soviet_7.jpg,C:/Users/condo/OneDrive/Documents/Engineers_for_Ukraine/flag_recognition_deepl/Flags/Soviet_Flag\Soviet_7.jpg,Soviet_Flag,1
Soviet_70.jpg,C:/Users/condo/OneDrive/Documents/Engineers_for_Ukraine/flag_recognition_deepl/Flags/Soviet_Flag\Soviet_70.jpg,Soviet_Flag,1
Soviet_71.jpg,C:/Users/condo/OneDrive/Documents/Engineers_for_Ukraine/flag_recognition_deepl/Flags/Soviet_Flag\Soviet_71.jpg,Soviet_Flag,1
Soviet_72.jpg,C:/Users/condo/OneDrive/Documents/Engineers_for_Ukraine/flag_recognition_deepl/Flags/Soviet_Flag\Soviet_72.jpg,Soviet_Flag,1
Soviet_73.jpg,C:/Users/condo/OneDrive/Documents/Engineers_for_Ukraine/flag_recognition_deepl/Flags/Soviet_Flag\Soviet_73.jpg,Soviet_Flag,1
Soviet_74.jpg,C:/Users/condo/OneDrive/Documents/Engineers_for_Ukraine/flag_recognition_deepl/Flags/Soviet_Flag\Soviet_74.jpg,Soviet_Flag,1
Soviet_75.jpg,C:/Users/condo/OneDrive/Documents/Engineers_for_Ukraine/flag_recognition_deepl/Flags/Soviet_Flag\Soviet_75.jpg,Soviet_Flag,1
Soviet_76.jpg,C:/Users/condo/OneDrive/Documents/Engineers_for_Ukraine/flag_recognition_deepl/Flags/Soviet_Flag\Soviet_76.jpg,Soviet_Flag,1
Soviet_77.jpg,C:/Users/condo/OneDrive/Documents/Engineers_for_Ukraine/flag_recognition_deepl/Flags/Soviet_Flag\Soviet_77.jpg,Soviet_Flag,1
Soviet_78.jpg,C:/Users/condo/OneDrive/Documents/Engineers_for_Ukraine/flag_recognition_deepl/Flags/Soviet_Flag\Soviet_78.jpg,Soviet_Flag,1
Soviet_79.jpg,C:/Users/condo/OneDrive/Documents/Engineers_for_Ukraine/flag_recognition_deepl/Flags/Soviet_Flag\Soviet_79.jpg,Soviet_Flag,1
Soviet_8.jpg,C:/Users/condo/OneDrive/Documents/Engineers_for_Ukraine/flag_recognition_deepl/Flags/Soviet_Flag\Soviet_8.jpg,Soviet_Flag,1
Soviet_80.jpg,C:/Users/condo/OneDrive/Documents/Engineers_for_Ukraine/flag_recognition_deepl/Flags/Soviet_Flag\Soviet_80.jpg,Soviet_Flag,1
Soviet_81.jpg,C:/Users/condo/OneDrive/Documents/Engineers_for_Ukraine/flag_recognition_deepl/Flags/Soviet_Flag\Soviet_81.jpg,Soviet_Flag,1
Soviet_82.jpg,C:/Users/condo/OneDrive/Documents/Engineers_for_Ukraine/flag_recognition_deepl/Flags/Soviet_Flag\Soviet_82.jpg,Soviet_Flag,1
Soviet_83.jpg,C:/Users/condo/OneDrive/Documents/Engineers_for_Ukraine/flag_recognition_deepl/Flags/Soviet_Flag\Soviet_83.jpg,Soviet_Flag,1
Soviet_84.jpg,C:/Users/condo/OneDrive/Documents/Engineers_for_Ukraine/flag_recognition_deepl/Flags/Soviet_Flag\Soviet_84.jpg,Soviet_Flag,1
Soviet_85.jpg,C:/Users/condo/OneDrive/Documents/Engineers_for_Ukraine/flag_recognition_deepl/Flags/Soviet_Flag\Soviet_85.jpg,Soviet_Flag,1
Soviet_86.jpg,C:/Users/condo/OneDrive/Documents/Engineers_for_Ukraine/flag_recognition_deepl/Flags/Soviet_Flag\Soviet_86.jpg,Soviet_Flag,1
Soviet_87.jpg,C:/Users/condo/OneDrive/Documents/Engineers_for_Ukraine/flag_recognition_deepl/Flags/Soviet_Flag\Soviet_87.jpg,Soviet_Flag,1
Soviet_88.jpg,C:/Users/condo/OneDrive/Documents/Engineers_for_Ukraine/flag_recognition_deepl/Flags/Soviet_Flag\Soviet_88.jpg,Soviet_Flag,1
Soviet_89.jpg,C:/Users/condo/OneDrive/Documents/Engineers_for_Ukraine/flag_recognition_deepl/Flags/Soviet_Flag\Soviet_89.jpg,Soviet_Flag,1
Soviet_9.jpg,C:/Users/condo/OneDrive/Documents/Engineers_for_Ukraine/flag_recognition_deepl/Flags/Soviet_Flag\Soviet_9.jpg,Soviet_Flag,1
Soviet_90.jpg,C:/Users/condo/OneDrive/Documents/Engineers_for_Ukraine/flag_recognition_deepl/Flags/Soviet_Flag\Soviet_90.jpg,Soviet_Flag,1
Soviet_91.jpg,C:/Users/condo/OneDrive/Documents/Engineers_for_Ukraine/flag_recognition_deepl/Flags/Soviet_Flag\Soviet_91.jpg,Soviet_Flag,1
Soviet_92.jpg,C:/Users/condo/OneDrive/Documents/Engineers_for_Ukraine/flag_recognition_deepl/Flags/Soviet_Flag\Soviet_92.jpg,Soviet_Flag,1
Soviet_93.jpg,C:/Users/condo/OneDrive/Documents/Engineers_for_Ukraine/flag_recognition_deepl/Flags/Soviet_Flag\Soviet_93.jpg,Soviet_Flag,1
Soviet_94.jpg,C:/Users/condo/OneDrive/Documents/Engineers_for_Ukraine/flag_recognition_deepl/Flags/Soviet_Flag\Soviet_94.jpg,Soviet_Flag,1
Soviet_95.jpg,C:/Users/condo/OneDrive/Documents/Engineers_for_Ukraine/flag_recognition_deepl/Flags/Soviet_Flag\Soviet_95.jpg,Soviet_Flag,1
Soviet_96.jpg,C:/Users/condo/OneDrive/Documents/Engineers_for_Ukraine/flag_recognition_deepl/Flags/Soviet_Flag\Soviet_96.jpg,Soviet_Flag,1
Soviet_97.jpg,C:/Users/condo/OneDrive/Documents/Engineers_for_Ukraine/flag_recognition_deepl/Flags/Soviet_Flag\Soviet_97.jpg,Soviet_Flag,1
Soviet_98.jpg,C:/Users/condo/OneDrive/Documents/Engineers_for_Ukraine/flag_recognition_deepl/Flags/Soviet_Flag\Soviet_98.jpg,Soviet_Flag,1
Soviet_99.jpg,C:/Users/condo/OneDrive/Documents/Engineers_for_Ukraine/flag_recognition_deepl/Flags/Soviet_Flag\Soviet_99.jpg,Soviet_Flag,1
Ukrainian_0.jpg,C:/Users/condo/OneDrive/Documents/Engineers_for_Ukraine/flag_recognition_deepl/Flags/Ukrainian_Flag\Ukrainian_0.jpg,Ukrainian_Flag,2
Ukrainian_1.jpg,C:/Users/condo/OneDrive/Documents/Engineers_for_Ukraine/flag_recognition_deepl/Flags/Ukrainian_Flag\Ukrainian_1.jpg,Ukrainian_Flag,2
Ukrainian_10.jpg,C:/Users/condo/OneDrive/Documents/Engineers_for_Ukraine/flag_recognition_deepl/Flags/Ukrainian_Flag\Ukrainian_10.jpg,Ukrainian_Flag,2
Ukrainian_100.jpg,C:/Users/condo/OneDrive/Documents/Engineers_for_Ukraine/flag_recognition_deepl/Flags/Ukrainian_Flag\Ukrainian_100.jpg,Ukrainian_Flag,2
Ukrainian_101.jpg,C:/Users/condo/OneDrive/Documents/Engineers_for_Ukraine/flag_recognition_deepl/Flags/Ukrainian_Flag\Ukrainian_101.jpg,Ukrainian_Flag,2
Ukrainian_102.jpg,C:/Users/condo/OneDrive/Documents/Engineers_for_Ukraine/flag_recognition_deepl/Flags/Ukrainian_Flag\Ukrainian_102.jpg,Ukrainian_Flag,2
Ukrainian_103.jpg,C:/Users/condo/OneDrive/Documents/Engineers_for_Ukraine/flag_recognition_deepl/Flags/Ukrainian_Flag\Ukrainian_103.jpg,Ukrainian_Flag,2
Ukrainian_104.jpg,C:/Users/condo/OneDrive/Documents/Engineers_for_Ukraine/flag_recognition_deepl/Flags/Ukrainian_Flag\Ukrainian_104.jpg,Ukrainian_Flag,2
Ukrainian_105.jpg,C:/Users/condo/OneDrive/Documents/Engineers_for_Ukraine/flag_recognition_deepl/Flags/Ukrainian_Flag\Ukrainian_105.jpg,Ukrainian_Flag,2
Ukrainian_106.jpg,C:/Users/condo/OneDrive/Documents/Engineers_for_Ukraine/flag_recognition_deepl/Flags/Ukrainian_Flag\Ukrainian_106.jpg,Ukrainian_Flag,2
Ukrainian_107.jpg,C:/Users/condo/OneDrive/Documents/Engineers_for_Ukraine/flag_recognition_deepl/Flags/Ukrainian_Flag\Ukrainian_107.jpg,Ukrainian_Flag,2
Ukrainian_108.jpg,C:/Users/condo/OneDrive/Documents/Engineers_for_Ukraine/flag_recognition_deepl/Flags/Ukrainian_Flag\Ukrainian_108.jpg,Ukrainian_Flag,2
Ukrainian_11.jpg,C:/Users/condo/OneDrive/Documents/Engineers_for_Ukraine/flag_recognition_deepl/Flags/Ukrainian_Flag\Ukrainian_11.jpg,Ukrainian_Flag,2
Ukrainian_12.jpg,C:/Users/condo/OneDrive/Documents/Engineers_for_Ukraine/flag_recognition_deepl/Flags/Ukrainian_Flag\Ukrainian_12.jpg,Ukrainian_Flag,2
Ukrainian_13.jpg,C:/Users/condo/OneDrive/Documents/Engineers_for_Ukraine/flag_recognition_deepl/Flags/Ukrainian_Flag\Ukrainian_13.jpg,Ukrainian_Flag,2
Ukrainian_14.jpg,C:/Users/condo/OneDrive/Documents/Engineers_for_Ukraine/flag_recognition_deepl/Flags/Ukrainian_Flag\Ukrainian_14.jpg,Ukrainian_Flag,2
Ukrainian_15.jpg,C:/Users/condo/OneDrive/Documents/Engineers_for_Ukraine/flag_recognition_deepl/Flags/Ukrainian_Flag\Ukrainian_15.jpg,Ukrainian_Flag,2
Ukrainian_16.jpg,C:/Users/condo/OneDrive/Documents/Engineers_for_Ukraine/flag_recognition_deepl/Flags/Ukrainian_Flag\Ukrainian_16.jpg,Ukrainian_Flag,2
Ukrainian_17.jpg,C:/Users/condo/OneDrive/Documents/Engineers_for_Ukraine/flag_recognition_deepl/Flags/Ukrainian_Flag\Ukrainian_17.jpg,Ukrainian_Flag,2
Ukrainian_18.jpg,C:/Users/condo/OneDrive/Documents/Engineers_for_Ukraine/flag_recognition_deepl/Flags/Ukrainian_Flag\Ukrainian_18.jpg,Ukrainian_Flag,2
Ukrainian_19.jpg,C:/Users/condo/OneDrive/Documents/Engineers_for_Ukraine/flag_recognition_deepl/Flags/Ukrainian_Flag\Ukrainian_19.jpg,Ukrainian_Flag,2
Ukrainian_2.jpg,C:/Users/condo/OneDrive/Documents/Engineers_for_Ukraine/flag_recognition_deepl/Flags/Ukrainian_Flag\Ukrainian_2.jpg,Ukrainian_Flag,2
Ukrainian_20.jpg,C:/Users/condo/OneDrive/Documents/Engineers_for_Ukraine/flag_recognition_deepl/Flags/Ukrainian_Flag\Ukrainian_20.jpg,Ukrainian_Flag,2
Ukrainian_21.jpg,C:/Users/condo/OneDrive/Documents/Engineers_for_Ukraine/flag_recognition_deepl/Flags/Ukrainian_Flag\Ukrainian_21.jpg,Ukrainian_Flag,2
Ukrainian_22.jpg,C:/Users/condo/OneDrive/Documents/Engineers_for_Ukraine/flag_recognition_deepl/Flags/Ukrainian_Flag\Ukrainian_22.jpg,Ukrainian_Flag,2
Ukrainian_23.jpg,C:/Users/condo/OneDrive/Documents/Engineers_for_Ukraine/flag_recognition_deepl/Flags/Ukrainian_Flag\Ukrainian_23.jpg,Ukrainian_Flag,2
Ukrainian_24.jpg,C:/Users/condo/OneDrive/Documents/Engineers_for_Ukraine/flag_recognition_deepl/Flags/Ukrainian_Flag\Ukrainian_24.jpg,Ukrainian_Flag,2
Ukrainian_25.jpg,C:/Users/condo/OneDrive/Documents/Engineers_for_Ukraine/flag_recognition_deepl/Flags/Ukrainian_Flag\Ukrainian_25.jpg,Ukrainian_Flag,2
Ukrainian_26.jpg,C:/Users/condo/OneDrive/Documents/Engineers_for_Ukraine/flag_recognition_deepl/Flags/Ukrainian_Flag\Ukrainian_26.jpg,Ukrainian_Flag,2
Ukrainian_27.jpg,C:/Users/condo/OneDrive/Documents/Engineers_for_Ukraine/flag_recognition_deepl/Flags/Ukrainian_Flag\Ukrainian_27.jpg,Ukrainian_Flag,2
Ukrainian_28.jpg,C:/Users/condo/OneDrive/Documents/Engineers_for_Ukraine/flag_recognition_deepl/Flags/Ukrainian_Flag\Ukrainian_28.jpg,Ukrainian_Flag,2
Ukrainian_29.jpg,C:/Users/condo/OneDrive/Documents/Engineers_for_Ukraine/flag_recognition_deepl/Flags/Ukrainian_Flag\Ukrainian_29.jpg,Ukrainian_Flag,2
Ukrainian_3.jpg,C:/Users/condo/OneDrive/Documents/Engineers_for_Ukraine/flag_recognition_deepl/Flags/Ukrainian_Flag\Ukrainian_3.jpg,Ukrainian_Flag,2
Ukrainian_30.jpg,C:/Users/condo/OneDrive/Documents/Engineers_for_Ukraine/flag_recognition_deepl/Flags/Ukrainian_Flag\Ukrainian_30.jpg,Ukrainian_Flag,2
Ukrainian_31.jpg,C:/Users/condo/OneDrive/Documents/Engineers_for_Ukraine/flag_recognition_deepl/Flags/Ukrainian_Flag\Ukrainian_31.jpg,Ukrainian_Flag,2
Ukrainian_32.jpg,C:/Users/condo/OneDrive/Documents/Engineers_for_Ukraine/flag_recognition_deepl/Flags/Ukrainian_Flag\Ukrainian_32.jpg,Ukrainian_Flag,2
Ukrainian_33.jpg,C:/Users/condo/OneDrive/Documents/Engineers_for_Ukraine/flag_recognition_deepl/Flags/Ukrainian_Flag\Ukrainian_33.jpg,Ukrainian_Flag,2
Ukrainian_34.jpg,C:/Users/condo/OneDrive/Documents/Engineers_for_Ukraine/flag_recognition_deepl/Flags/Ukrainian_Flag\Ukrainian_34.jpg,Ukrainian_Flag,2
Ukrainian_35.jpg,C:/Users/condo/OneDrive/Documents/Engineers_for_Ukraine/flag_recognition_deepl/Flags/Ukrainian_Flag\Ukrainian_35.jpg,Ukrainian_Flag,2
Ukrainian_36.jpg,C:/Users/condo/OneDrive/Documents/Engineers_for_Ukraine/flag_recognition_deepl/Flags/Ukrainian_Flag\Ukrainian_36.jpg,Ukrainian_Flag,2
Ukrainian_37.jpg,C:/Users/condo/OneDrive/Documents/Engineers_for_Ukraine/flag_recognition_deepl/Flags/Ukrainian_Flag\Ukrainian_37.jpg,Ukrainian_Flag,2
Ukrainian_38.jpg,C:/Users/condo/OneDrive/Documents/Engineers_for_Ukraine/flag_recognition_deepl/Flags/Ukrainian_Flag\Ukrainian_38.jpg,Ukrainian_Flag,2
Ukrainian_39.jpg,C:/Users/condo/OneDrive/Documents/Engineers_for_Ukraine/flag_recognition_deepl/Flags/Ukrainian_Flag\Ukrainian_39.jpg,Ukrainian_Flag,2
Ukrainian_4.jpg,C:/Users/condo/OneDrive/Documents/Engineers_for_Ukraine/flag_recognition_deepl/Flags/Ukrainian_Flag\Ukrainian_4.jpg,Ukrainian_Flag,2
Ukrainian_40.jpg,C:/Users/condo/OneDrive/Documents/Engineers_for_Ukraine/flag_recognition_deepl/Flags/Ukrainian_Flag\Ukrainian_40.jpg,Ukrainian_Flag,2
Ukrainian_41.jpg,C:/Users/condo/OneDrive/Documents/Engineers_for_Ukraine/flag_recognition_deepl/Flags/Ukrainian_Flag\Ukrainian_41.jpg,Ukrainian_Flag,2
Ukrainian_42.jpg,C:/Users/condo/OneDrive/Documents/Engineers_for_Ukraine/flag_recognition_deepl/Flags/Ukrainian_Flag\Ukrainian_42.jpg,Ukrainian_Flag,2
Ukrainian_43.jpg,C:/Users/condo/OneDrive/Documents/Engineers_for_Ukraine/flag_recognition_deepl/Flags/Ukrainian_Flag\Ukrainian_43.jpg,Ukrainian_Flag,2
Ukrainian_44.jpg,C:/Users/condo/OneDrive/Documents/Engineers_for_Ukraine/flag_recognition_deepl/Flags/Ukrainian_Flag\Ukrainian_44.jpg,Ukrainian_Flag,2
Ukrainian_45.jpg,C:/Users/condo/OneDrive/Documents/Engineers_for_Ukraine/flag_recognition_deepl/Flags/Ukrainian_Flag\Ukrainian_45.jpg,Ukrainian_Flag,2
Ukrainian_46.jpg,C:/Users/condo/OneDrive/Documents/Engineers_for_Ukraine/flag_recognition_deepl/Flags/Ukrainian_Flag\Ukrainian_46.jpg,Ukrainian_Flag,2
Ukrainian_47.jpg,C:/Users/condo/OneDrive/Documents/Engineers_for_Ukraine/flag_recognition_deepl/Flags/Ukrainian_Flag\Ukrainian_47.jpg,Ukrainian_Flag,2
Ukrainian_48.jpg,C:/Users/condo/OneDrive/Documents/Engineers_for_Ukraine/flag_recognition_deepl/Flags/Ukrainian_Flag\Ukrainian_48.jpg,Ukrainian_Flag,2
Ukrainian_49.jpg,C:/Users/condo/OneDrive/Documents/Engineers_for_Ukraine/flag_recognition_deepl/Flags/Ukrainian_Flag\Ukrainian_49.jpg,Ukrainian_Flag,2
Ukrainian_5.jpg,C:/Users/condo/OneDrive/Documents/Engineers_for_Ukraine/flag_recognition_deepl/Flags/Ukrainian_Flag\Ukrainian_5.jpg,Ukrainian_Flag,2
Ukrainian_50.jpg,C:/Users/condo/OneDrive/Documents/Engineers_for_Ukraine/flag_recognition_deepl/Flags/Ukrainian_Flag\Ukrainian_50.jpg,Ukrainian_Flag,2
Ukrainian_51.jpg,C:/Users/condo/OneDrive/Documents/Engineers_for_Ukraine/flag_recognition_deepl/Flags/Ukrainian_Flag\Ukrainian_51.jpg,Ukrainian_Flag,2
Ukrainian_52.jpg,C:/Users/condo/OneDrive/Documents/Engineers_for_Ukraine/flag_recognition_deepl/Flags/Ukrainian_Flag\Ukrainian_52.jpg,Ukrainian_Flag,2
Ukrainian_53.jpg,C:/Users/condo/OneDrive/Documents/Engineers_for_Ukraine/flag_recognition_deepl/Flags/Ukrainian_Flag\Ukrainian_53.jpg,Ukrainian_Flag,2
Ukrainian_54.jpg,C:/Users/condo/OneDrive/Documents/Engineers_for_Ukraine/flag_recognition_deepl/Flags/Ukrainian_Flag\Ukrainian_54.jpg,Ukrainian_Flag,2
Ukrainian_55.jpg,C:/Users/condo/OneDrive/Documents/Engineers_for_Ukraine/flag_recognition_deepl/Flags/Ukrainian_Flag\Ukrainian_55.jpg,Ukrainian_Flag,2
Ukrainian_56.jpg,C:/Users/condo/OneDrive/Documents/Engineers_for_Ukraine/flag_recognition_deepl/Flags/Ukrainian_Flag\Ukrainian_56.jpg,Ukrainian_Flag,2
Ukrainian_57.jpg,C:/Users/condo/OneDrive/Documents/Engineers_for_Ukraine/flag_recognition_deepl/Flags/Ukrainian_Flag\Ukrainian_57.jpg,Ukrainian_Flag,2
Ukrainian_58.jpg,C:/Users/condo/OneDrive/Documents/Engineers_for_Ukraine/flag_recognition_deepl/Flags/Ukrainian_Flag\Ukrainian_58.jpg,Ukrainian_Flag,2
Ukrainian_59.jpg,C:/Users/condo/OneDrive/Documents/Engineers_for_Ukraine/flag_recognition_deepl/Flags/Ukrainian_Flag\Ukrainian_59.jpg,Ukrainian_Flag,2
Ukrainian_6.jpg,C:/Users/condo/OneDrive/Documents/Engineers_for_Ukraine/flag_recognition_deepl/Flags/Ukrainian_Flag\Ukrainian_6.jpg,Ukrainian_Flag,2
Ukrainian_60.jpg,C:/Users/condo/OneDrive/Documents/Engineers_for_Ukraine/flag_recognition_deepl/Flags/Ukrainian_Flag\Ukrainian_60.jpg,Ukrainian_Flag,2
Ukrainian_61.jpg,C:/Users/condo/OneDrive/Documents/Engineers_for_Ukraine/flag_recognition_deepl/Flags/Ukrainian_Flag\Ukrainian_61.jpg,Ukrainian_Flag,2
Ukrainian_62.jpg,C:/Users/condo/OneDrive/Documents/Engineers_for_Ukraine/flag_recognition_deepl/Flags/Ukrainian_Flag\Ukrainian_62.jpg,Ukrainian_Flag,2
Ukrainian_63.jpg,C:/Users/condo/OneDrive/Documents/Engineers_for_Ukraine/flag_recognition_deepl/Flags/Ukrainian_Flag\Ukrainian_63.jpg,Ukrainian_Flag,2
Ukrainian_64.jpg,C:/Users/condo/OneDrive/Documents/Engineers_for_Ukraine/flag_recognition_deepl/Flags/Ukrainian_Flag\Ukrainian_64.jpg,Ukrainian_Flag,2
Ukrainian_65.jpg,C:/Users/condo/OneDrive/Documents/Engineers_for_Ukraine/flag_recognition_deepl/Flags/Ukrainian_Flag\Ukrainian_65.jpg,Ukrainian_Flag,2
Ukrainian_66.jpg,C:/Users/condo/OneDrive/Documents/Engineers_for_Ukraine/flag_recognition_deepl/Flags/Ukrainian_Flag\Ukrainian_66.jpg,Ukrainian_Flag,2
Ukrainian_67.jpg,C:/Users/condo/OneDrive/Documents/Engineers_for_Ukraine/flag_recognition_deepl/Flags/Ukrainian_Flag\Ukrainian_67.jpg,Ukrainian_Flag,2
Ukrainian_68.jpg,C:/Users/condo/OneDrive/Documents/Engineers_for_Ukraine/flag_recognition_deepl/Flags/Ukrainian_Flag\Ukrainian_68.jpg,Ukrainian_Flag,2
Ukrainian_69.jpg,C:/Users/condo/OneDrive/Documents/Engineers_for_Ukraine/flag_recognition_deepl/Flags/Ukrainian_Flag\Ukrainian_69.jpg,Ukrainian_Flag,2
Ukrainian_7.jpg,C:/Users/condo/OneDrive/Documents/Engineers_for_Ukraine/flag_recognition_deepl/Flags/Ukrainian_Flag\Ukrainian_7.jpg,Ukrainian_Flag,2
Ukrainian_70.jpg,C:/Users/condo/OneDrive/Documents/Engineers_for_Ukraine/flag_recognition_deepl/Flags/Ukrainian_Flag\Ukrainian_70.jpg,Ukrainian_Flag,2
Ukrainian_71.jpg,C:/Users/condo/OneDrive/Documents/Engineers_for_Ukraine/flag_recognition_deepl/Flags/Ukrainian_Flag\Ukrainian_71.jpg,Ukrainian_Flag,2
Ukrainian_72.jpg,C:/Users/condo/OneDrive/Documents/Engineers_for_Ukraine/flag_recognition_deepl/Flags/Ukrainian_Flag\Ukrainian_72.jpg,Ukrainian_Flag,2
Ukrainian_73.jpg,C:/Users/condo/OneDrive/Documents/Engineers_for_Ukraine/flag_recognition_deepl/Flags/Ukrainian_Flag\Ukrainian_73.jpg,Ukrainian_Flag,2
Ukrainian_74.jpg,C:/Users/condo/OneDrive/Documents/Engineers_for_Ukraine/flag_recognition_deepl/Flags/Ukrainian_Flag\Ukrainian_74.jpg,Ukrainian_Flag,2
Ukrainian_75.jpg,C:/Users/condo/OneDrive/Documents/Engineers_for_Ukraine/flag_recognition_deepl/Flags/Ukrainian_Flag\Ukrainian_75.jpg,Ukrainian_Flag,2
Ukrainian_76.jpg,C:/Users/condo/OneDrive/Documents/Engineers_for_Ukraine/flag_recognition_deepl/Flags/Ukrainian_Flag\Ukrainian_76.jpg,Ukrainian_Flag,2
Ukrainian_77.jpg,C:/Users/condo/OneDrive/Documents/Engineers_for_Ukraine/flag_recognition_deepl/Flags/Ukrainian_Flag\Ukrainian_77.jpg,Ukrainian_Flag,2
Ukrainian_78.jpg,C:/Users/condo/OneDrive/Documents/Engineers_for_Ukraine/flag_recognition_deepl/Flags/Ukrainian_Flag\Ukrainian_78.jpg,Ukrainian_Flag,2
Ukrainian_79.jpg,C:/Users/condo/OneDrive/Documents/Engineers_for_Ukraine/flag_recognition_deepl/Flags/Ukrainian_Flag\Ukrainian_79.jpg,Ukrainian_Flag,2
Ukrainian_8.jpg,C:/Users/condo/OneDrive/Documents/Engineers_for_Ukraine/flag_recognition_deepl/Flags/Ukrainian_Flag\Ukrainian_8.jpg,Ukrainian_Flag,2
Ukrainian_80.jpg,C:/Users/condo/OneDrive/Documents/Engineers_for_Ukraine/flag_recognition_deepl/Flags/Ukrainian_Flag\Ukrainian_80.jpg,Ukrainian_Flag,2
Ukrainian_81.jpg,C:/Users/condo/OneDrive/Documents/Engineers_for_Ukraine/flag_recognition_deepl/Flags/Ukrainian_Flag\Ukrainian_81.jpg,Ukrainian_Flag,2
Ukrainian_82.jpg,C:/Users/condo/OneDrive/Documents/Engineers_for_Ukraine/flag_recognition_deepl/Flags/Ukrainian_Flag\Ukrainian_82.jpg,Ukrainian_Flag,2
Ukrainian_83.jpg,C:/Users/condo/OneDrive/Documents/Engineers_for_Ukraine/flag_recognition_deepl/Flags/Ukrainian_Flag\Ukrainian_83.jpg,Ukrainian_Flag,2
Ukrainian_84.jpg,C:/Users/condo/OneDrive/Documents/Engineers_for_Ukraine/flag_recognition_deepl/Flags/Ukrainian_Flag\Ukrainian_84.jpg,Ukrainian_Flag,2
Ukrainian_85.jpg,C:/Users/condo/OneDrive/Documents/Engineers_for_Ukraine/flag_recognition_deepl/Flags/Ukrainian_Flag\Ukrainian_85.jpg,Ukrainian_Flag,2
Ukrainian_86.jpg,C:/Users/condo/OneDrive/Documents/Engineers_for_Ukraine/flag_recognition_deepl/Flags/Ukrainian_Flag\Ukrainian_86.jpg,Ukrainian_Flag,2
Ukrainian_87.jpg,C:/Users/condo/OneDrive/Documents/Engineers_for_Ukraine/flag_recognition_deepl/Flags/Ukrainian_Flag\Ukrainian_87.jpg,Ukrainian_Flag,2
Ukrainian_88.jpg,C:/Users/condo/OneDrive/Documents/Engineers_for_Ukraine/flag_recognition_deepl/Flags/Ukrainian_Flag\Ukrainian_88.jpg,Ukrainian_Flag,2
Ukrainian_89.jpg,C:/Users/condo/OneDrive/Documents/Engineers_for_Ukraine/flag_recognition_deepl/Flags/Ukrainian_Flag\Ukrainian_89.jpg,Ukrainian_Flag,2
Ukrainian_9.jpg,C:/Users/condo/OneDrive/Documents/Engineers_for_Ukraine/flag_recognition_deepl/Flags/Ukrainian_Flag\Ukrainian_9.jpg,Ukrainian_Flag,2
Ukrainian_90.jpg,C:/Users/condo/OneDrive/Documents/Engineers_for_Ukraine/flag_recognition_deepl/Flags/Ukrainian_Flag\Ukrainian_90.jpg,Ukrainian_Flag,2
Ukrainian_91.jpg,C:/Users/condo/OneDrive/Documents/Engineers_for_Ukraine/flag_recognition_deepl/Flags/Ukrainian_Flag\Ukrainian_91.jpg,Ukrainian_Flag,2
Ukrainian_92.jpg,C:/Users/condo/OneDrive/Documents/Engineers_for_Ukraine/flag_recognition_deepl/Flags/Ukrainian_Flag\Ukrainian_92.jpg,Ukrainian_Flag,2
Ukrainian_93.jpg,C:/Users/condo/OneDrive/Documents/Engineers_for_Ukraine/flag_recognition_deepl/Flags/Ukrainian_Flag\Ukrainian_93.jpg,Ukrainian_Flag,2
Ukrainian_94.jpg,C:/Users/condo/OneDrive/Documents/Engineers_for_Ukraine/flag_recognition_deepl/Flags/Ukrainian_Flag\Ukrainian_94.jpg,Ukrainian_Flag,2
Ukrainian_95.jpg,C:/Users/condo/OneDrive/Documents/Engineers_for_Ukraine/flag_recognition_deepl/Flags/Ukrainian_Flag\Ukrainian_95.jpg,Ukrainian_Flag,2
Ukrainian_96.jpg,C:/Users/condo/OneDrive/Documents/Engineers_for_Ukraine/flag_recognition_deepl/Flags/Ukrainian_Flag\Ukrainian_96.jpg,Ukrainian_Flag,2
Ukrainian_97.jpg,C:/Users/condo/OneDrive/Documents/Engineers_for_Ukraine/flag_recognition_deepl/Flags/Ukrainian_Flag\Ukrainian_97.jpg,Ukrainian_Flag,2
Ukrainian_98.jpg,C:/Users/condo/OneDrive/Documents/Engineers_for_Ukraine/flag_recognition_deepl/Flags/Ukrainian_Flag\Ukrainian_98.jpg,Ukrainian_Flag,2
Ukrainian_99.jpg,C:/Users/condo/OneDrive/Documents/Engineers_for_Ukraine/flag_recognition_deepl/Flags/Ukrainian_Flag\Ukrainian_99.jpg,Ukrainian_Flag,2
